<?xml version="1.0" encoding="UTF-8"?>
<marytts-install xmlns="http://mary.dfki.de/installer">
  <voice locale="de" name="bits1" gender="female" type="unit selection" version="5.2">
    <description>A female German unit selection voice, built from voice recordings provided by the BITS project at the Bavarian Archive of Speech Signals</description>
    <license href="http://mary.dfki.de/download/by-nd-3.0.html"/>
    <package md5sum="2fac29033f2090980000a4fa06a94c51" filename="voice-bits1-5.2.zip" size="262691025">
      <location folder="true" href="http://mary.dfki.de/download/5.2/"/>
    </package>
    <depends language="de" version="5.2"/>
  </voice>
  <voice locale="de" name="bits1-hsmm" gender="female" type="hsmm" version="5.2">
    <description>A female German hidden semi-Markov model voice, built from voice recordings provided by the BITS project at the Bavarian Archive of Speech Signals</description>
    <license href="http://mary.dfki.de/download/by-nd-3.0.html"/>
    <package md5sum="c15c8bc34b5660e33815aa9622c04307" filename="voice-bits1-hsmm-5.2.zip" size="1359993">
      <location folder="true" href="http://mary.dfki.de/download/5.2/"/>
      <location folder="false" href="https://github.com/marytts/voice-bits1-hsmm/releases/download/v5.2/voice-bits1-hsmm-5.2.zip"/>
    </package>
    <depends language="de" version="5.2"/>
  </voice>
  <voice locale="de" name="bits4" gender="female" type="unit selection" version="5.2">
    <description>A female German unit selection voice, built from voice recordings provided by the BITS project at the Bavarian Archive of Speech Signals</description>
    <license href="http://mary.dfki.de/download/by-nd-3.0.html"/>
    <package md5sum="4c1e9109503e4e7ce9ae1ffae4c6ef28" filename="voice-bits4-5.2.zip" size="274825221">
      <location folder="true" href="http://mary.dfki.de/download/5.2/"/>
    </package>
    <depends language="de" version="5.2"/>
  </voice>
  <voice locale="de" name="bits2" gender="male" type="unit selection" version="5.2">
    <description>A male German unit selection voice, built from voice recordings provided by the BITS project at the Bavarian Archive of Speech Signals</description>
    <license href="http://mary.dfki.de/download/by-nd-3.0.html"/>
    <package md5sum="7bbf0b6b765a4fda1fe79572c9215b26" filename="voice-bits2-5.2.zip" size="266072011">
      <location folder="true" href="http://mary.dfki.de/download/5.2/"/>
    </package>
    <depends language="de" version="5.2"/>
  </voice>
  <voice locale="de" name="bits3" gender="male" type="unit selection" version="5.2">
    <description>A male German unit selection voice, built from voice recordings provided by the BITS project at the Bavarian Archive of Speech Signals</description>
    <license href="http://mary.dfki.de/download/by-nd-3.0.html"/>
    <package md5sum="69b78964f74e9f6838a5c8a30c637c46" filename="voice-bits3-5.2.zip" size="269955538">
      <location folder="true" href="http://mary.dfki.de/download/5.2/"/>
    </package>
    <depends language="de" version="5.2"/>
  </voice>
  <voice locale="de" name="bits3-hsmm" gender="male" type="hsmm" version="5.2">
    <description>A male German hidden semi-Markov model voice, built from voice recordings provided by the BITS project at the Bavarian Archive of Speech Signals</description>
    <license href="http://mary.dfki.de/download/by-nd-3.0.html"/>
    <package md5sum="b01de01f124fbb77a94994283997ff91" filename="voice-bits3-hsmm-5.2.zip" size="1556358">
      <location folder="true" href="http://mary.dfki.de/download/5.2/"/>
      <location folder="false" href="https://github.com/marytts/voice-bits3-hsmm/releases/download/v5.2/voice-bits3-hsmm-5.2.zip"/>
    </package>
    <depends language="de" version="5.2"/>
  </voice>
  <voice locale="de" name="dfki-pavoque-neutral" gender="male" type="unit selection" version="5.2">
    <description>A male German unit selection voice</description>
    <license href="http://mary.dfki.de/download/by-nd-3.0.html"/>
    <package md5sum="ff6b83b48da90b74c110e768a2de1921" filename="voice-dfki-pavoque-neutral-5.2.zip" size="448866455">
      <location folder="true" href="http://mary.dfki.de/download/5.2/"/>
      <location folder="false" href="https://github.com/marytts/voice-dfki-pavoque-neutral/releases/download/v5.2/voice-dfki-pavoque-neutral-5.2.zip"/>
    </package>
    <depends language="de" version="5.2"/>
  </voice>
  <voice locale="de" name="dfki-pavoque-neutral-hsmm" gender="male" type="hsmm" version="5.2">
    <description>A male German hidden semi-Markov model voice</description>
    <license href="http://mary.dfki.de/download/by-nd-3.0.html"/>
    <package md5sum="805e8ed8e2679ca41f15c42f8c262f3b" filename="voice-dfki-pavoque-neutral-hsmm-5.2.zip" size="2834245">
      <location folder="true" href="http://mary.dfki.de/download/5.2/"/>
      <location folder="false" href="https://github.com/marytts/voice-dfki-pavoque-neutral-hsmm/releases/download/v5.2/voice-dfki-pavoque-neutral-hsmm-5.2.zip"/>
    </package>
    <depends language="de" version="5.2"/>
  </voice>
  <voice locale="de" name="dfki-pavoque-styles" gender="male" type="unit selection" version="5.2">
    <description>A male German unit selection voice with expressive styles "happy", "sad", "angry", and "poker"</description>
    <license href="http://mary.dfki.de/download/by-nd-3.0.html"/>
    <package md5sum="8db026183fec8f3ceaf1167a6e192aee" filename="voice-dfki-pavoque-styles-5.2.zip" size="700875468">
      <location folder="true" href="http://mary.dfki.de/download/5.2/"/>
      <location folder="false" href="https://github.com/marytts/voice-dfki-pavoque-styles/releases/download/v5.2/voice-dfki-pavoque-styles-5.2.zip"/>
    </package>
    <depends language="de" version="5.2"/>
  </voice>
  <voice locale="en_GB" name="dfki-poppy" gender="female" type="unit selection" version="5.2">
    <description>A female British English expressive unit selection voice: Cheerful Poppy</description>
    <license href="http://mary.dfki.de/download/by-nd-3.0.html"/>
    <package md5sum="6a5dbf22432b89a971b0b97c8eec1c7f" filename="voice-dfki-poppy-5.2.zip" size="111958955">
      <location folder="true" href="http://mary.dfki.de/download/5.2/"/>
      <location folder="false" href="https://github.com/marytts/voice-dfki-poppy/releases/download/v5.2/voice-dfki-poppy-5.2.zip"/>
    </package>
    <depends language="en-GB" version="5.2"/>
  </voice>
  <voice locale="en_GB" name="dfki-poppy-hsmm" gender="female" type="hsmm" version="5.2">
    <description>A female British English hidden semi-Markov model voice</description>
    <license href="http://mary.dfki.de/download/by-nd-3.0.html"/>
    <package md5sum="becc084adbeb2c87421a483473cc9bf9" filename="voice-dfki-poppy-hsmm-5.2.zip" size="1015143">
      <location folder="true" href="http://mary.dfki.de/download/5.2/"/>
      <location folder="false" href="https://github.com/marytts/voice-dfki-poppy-hsmm/releases/download/v5.2/voice-dfki-poppy-hsmm-5.2.zip"/>
    </package>
    <depends language="en-GB" version="5.2"/>
  </voice>
  <voice locale="en_GB" name="dfki-prudence" gender="female" type="unit selection" version="5.2">
    <description>A female British English expressive unit selection voice: Pragmatic Prudence</description>
    <license href="http://mary.dfki.de/download/by-nd-3.0.html"/>
    <package md5sum="a9ec411b9aa51d4ee0cec1aae5369e52" filename="voice-dfki-prudence-5.2.zip" size="293735841">
      <location folder="true" href="http://mary.dfki.de/download/5.2/"/>
      <location folder="false" href="https://github.com/marytts/voice-dfki-prudence/releases/download/v5.2/voice-dfki-prudence-5.2.zip"/>
    </package>
    <depends language="en-GB" version="5.2"/>
  </voice>
  <voice locale="en_GB" name="dfki-prudence-hsmm" gender="female" type="hsmm" version="5.2">
    <description>A female British English hidden semi-Markov model voice</description>
    <license href="http://mary.dfki.de/download/by-nd-3.0.html"/>
    <package md5sum="6b3c9671e2af78c1e1839cd57ee1063b" filename="voice-dfki-prudence-hsmm-5.2.zip" size="1559757">
      <location folder="true" href="http://mary.dfki.de/download/5.2/"/>
      <location folder="false" href="https://github.com/marytts/voice-dfki-prudence-hsmm/releases/download/v5.2/voice-dfki-prudence-hsmm-5.2.zip"/>
    </package>
    <depends language="en-GB" version="5.2"/>
  </voice>
  <voice locale="en_GB" name="dfki-obadiah" gender="male" type="unit selection" version="5.2">
    <description>A male British English expressive unit selection voice: Gloomy Obadiah</description>
    <license href="http://mary.dfki.de/download/by-nd-3.0.html"/>
    <package md5sum="243eb1d6c42ebcaec28dfdc78ed1c1b0" filename="voice-dfki-obadiah-5.2.zip" size="165140911">
      <location folder="true" href="http://mary.dfki.de/download/5.2/"/>
      <location folder="false" href="https://github.com/marytts/voice-dfki-obadiah/releases/download/v5.2/voice-dfki-obadiah-5.2.zip"/>
    </package>
    <depends language="en-GB" version="5.2"/>
  </voice>
  <voice locale="en_GB" name="dfki-obadiah-hsmm" gender="male" type="hsmm" version="5.2">
    <description>A male British English hidden semi-Markov model voice</description>
    <license href="http://mary.dfki.de/download/by-nd-3.0.html"/>
    <package md5sum="ca76f001ced098232a9c20d1f80478f0" filename="voice-dfki-obadiah-hsmm-5.2.zip" size="1215660">
      <location folder="true" href="http://mary.dfki.de/download/5.2/"/>
      <location folder="false" href="https://github.com/marytts/voice-dfki-obadiah-hsmm/releases/download/v5.2/voice-dfki-obadiah-hsmm-5.2.zip"/>
    </package>
    <depends language="en-GB" version="5.2"/>
  </voice>
  <voice locale="en_GB" name="dfki-spike" gender="male" type="unit selection" version="5.2">
    <description>A male British English expressive unit selection voice: Aggressive Spike</description>
    <license href="http://mary.dfki.de/download/by-nd-3.0.html"/>
    <package md5sum="644753b9d633cbcb215491cecf8c4be2" filename="voice-dfki-spike-5.2.zip" size="163980552">
      <location folder="true" href="http://mary.dfki.de/download/5.2/"/>
      <location folder="false" href="https://github.com/marytts/voice-dfki-spike/releases/download/v5.2/voice-dfki-spike-5.2.zip"/>
    </package>
    <depends language="en-GB" version="5.2"/>
  </voice>
  <voice locale="en_GB" name="dfki-spike-hsmm" gender="male" type="hsmm" version="5.2">
    <description>A male British English hidden semi-Markov model voice</description>
    <license href="http://mary.dfki.de/download/by-nd-3.0.html"/>
    <package md5sum="c1438f479770400eed8c081107e376ca" filename="voice-dfki-spike-hsmm-5.2.zip" size="1082784">
      <location folder="true" href="http://mary.dfki.de/download/5.2/"/>
      <location folder="false" href="https://github.com/marytts/voice-dfki-spike-hsmm/releases/download/v5.2/voice-dfki-spike-hsmm-5.2.zip"/>
    </package>
    <depends language="en-GB" version="5.2"/>
  </voice>
  <voice locale="en_US" name="cmu-slt" gender="female" type="unit selection" version="5.2">
    <description>A female English unit selection voice</description>
    <license href="http://festvox.org/cmu_arctic/cmu_arctic/cmu_us_slt_arctic/COPYING"/>
    <package md5sum="ed5a4a08a2275f3ab4e1d1edaf4957a8" filename="voice-cmu-slt-5.2.zip" size="104627156">
      <location folder="true" href="http://mary.dfki.de/download/5.2/"/>
      <location folder="false" href="https://github.com/marytts/voice-cmu-slt/releases/download/v5.2/voice-cmu-slt-5.2.zip"/>
    </package>
    <depends language="en-US" version="5.2"/>
  </voice>
  <voice locale="en_US" name="cmu-bdl" gender="male" type="unit selection" version="5.2">
    <description>A male US English unit selection voice, built from recordings provided by Carnegie Mellon University</description>
    <license href="http://mary.dfki.de/download/arctic-license.html"/>
    <package md5sum="3fe39d331a5e32749e840bb464d99210" filename="voice-cmu-bdl-5.2.zip" size="95244351">
      <location folder="true" href="http://mary.dfki.de/download/5.2/"/>
      <location folder="false" href="https://github.com/marytts/voice-cmu-bdl/releases/download/v5.2/voice-cmu-bdl-5.2.zip"/>
    </package>
    <depends language="en-US" version="5.2"/>
  </voice>
  <voice locale="en_US" name="cmu-bdl-hsmm" gender="male" type="hsmm" version="5.2">
    <description>A male US English hidden semi-Markov model voice, built from recordings provided by Carnegie Mellon University</description>
    <license href="http://mary.dfki.de/download/arctic-license.html"/>
    <package md5sum="d3d56dbc17252985f93748bc6a8a3be6" filename="voice-cmu-bdl-hsmm-5.2.zip" size="1016701">
      <location folder="true" href="http://mary.dfki.de/download/5.2/"/>
      <location folder="false" href="https://github.com/marytts/voice-cmu-bdl-hsmm/releases/download/v5.2/voice-cmu-bdl-hsmm-5.2.zip"/>
    </package>
    <depends language="en-US" version="5.2"/>
  </voice>
  <voice locale="en_US" name="cmu-rms" gender="male" type="unit selection" version="5.2">
    <description>A male US English unit selection voice, built from recordings provided by Carnegie Mellon University</description>
    <license href="http://mary.dfki.de/download/arctic-license.html"/>
    <package md5sum="dc42028b3ddf756969d8cc7404e3956e" filename="voice-cmu-rms-5.2.zip" size="121504555">
      <location folder="true" href="http://mary.dfki.de/download/5.2/"/>
      <location folder="false" href="https://github.com/marytts/voice-cmu-rms/releases/download/v5.2/voice-cmu-rms-5.2.zip"/>
    </package>
    <depends language="en-US" version="5.2"/>
  </voice>
  <voice locale="en_US" name="cmu-rms-hsmm" gender="male" type="hsmm" version="5.2">
    <description>A male US English hidden semi-Markov model voice, built from recordings provided by Carnegie Mellon University</description>
    <license href="http://mary.dfki.de/download/arctic-license.html"/>
    <package md5sum="22832ff18e933f526408a873233db6cc" filename="voice-cmu-rms-hsmm-5.2.zip" size="1027287">
      <location folder="true" href="http://mary.dfki.de/download/5.2/"/>
      <location folder="false" href="https://github.com/marytts/voice-cmu-rms-hsmm/releases/download/v5.2/voice-cmu-rms-hsmm-5.2.zip"/>
    </package>
    <depends language="en-US" version="5.2"/>
  </voice>
  <voice locale="fr" name="enst-camille" gender="female" type="unit selection" version="5.2">
    <description>A female French unit selection voice, built at Telecom ParisTech (ENST) using data recorded by Camille Dianoux</description>
    <license href="http://mary.dfki.de/download/by-sa-3.0.html"/>
    <package md5sum="bcee28d85a3bf3404061795012f880ba" filename="voice-enst-camille-5.2.zip" size="214247758">
      <location folder="true" href="http://mary.dfki.de/download/5.2/"/>
      <location folder="false" href="https://github.com/marytts/voice-enst-camille/releases/download/v5.2/voice-enst-camille-5.2.zip"/>
    </package>
    <depends language="fr" version="5.2"/>
  </voice>
  <voice locale="fr" name="enst-camille-hsmm" gender="female" type="hsmm" version="5.2">
    <description>A female French hidden semi-Markov model voice, built at Telecom ParisTech (ENST) using data recorded by Camille Dianoux</description>
    <license href="http://mary.dfki.de/download/by-sa-3.0.html"/>
    <package md5sum="ccc65246387c34cd3b781a83523640a6" filename="voice-enst-camille-hsmm-5.2.zip" size="1517857">
      <location folder="true" href="http://mary.dfki.de/download/5.2/"/>
      <location folder="false" href="https://github.com/marytts/voice-enst-camille-hsmm/releases/download/v5.2/voice-enst-camille-hsmm-5.2.zip"/>
    </package>
    <depends language="fr" version="5.2"/>
  </voice>
  <voice locale="fr" name="upmc-jessica" gender="female" type="unit selection" version="5.2">
    <description>A female French unit selection voice, built at ISIR (UPMC) using data recorded by Jessica Durand</description>
    <license href="http://mary.dfki.de/download/by-sa-3.0.html"/>
    <package md5sum="25098c94cee2bf5523e19f045717ccaa" filename="voice-upmc-jessica-5.2.zip" size="151407773">
      <location folder="true" href="http://mary.dfki.de/download/5.2/"/>
      <location folder="false" href="https://github.com/marytts/voice-upmc-jessica/releases/download/v5.2/voice-upmc-jessica-5.2.zip"/>
    </package>
    <depends language="fr" version="5.2"/>
  </voice>
  <voice locale="fr" name="upmc-jessica-hsmm" gender="female" type="hsmm" version="5.2">
    <description>A female French hidden semi-Markov model voice, built at ISIR (UPMC) using data recorded by Jessica Durand</description>
    <license href="http://mary.dfki.de/download/by-sa-3.0.html"/>
    <package md5sum="59628042d8d2fbb89536625be7929a21" filename="voice-upmc-jessica-hsmm-5.2.zip" size="1118194">
      <location folder="true" href="http://mary.dfki.de/download/5.2/"/>
      <location folder="false" href="https://github.com/marytts/voice-upmc-jessica-hsmm/releases/download/v5.2/voice-upmc-jessica-hsmm-5.2.zip"/>
    </package>
    <depends language="fr" version="5.2"/>
  </voice>
  <voice locale="fr" name="enst-dennys-hsmm" gender="male" type="hsmm" version="5.2">
    <description>A male Quebecois French hidden semi-Markov model voice, built at Telecom ParisTech (ENST)</description>
    <license href="http://mary.dfki.de/download/by-nd-3.0.html"/>
    <package md5sum="92c16c4fe36ef23375dc5d9b14d553a1" filename="voice-enst-dennys-hsmm-5.2.zip" size="1675605">
      <location folder="true" href="http://mary.dfki.de/download/5.2/"/>
      <location folder="false" href="https://github.com/marytts/voice-enst-dennys-hsmm/releases/download/v5.2/voice-enst-dennys-hsmm-5.2.zip"/>
    </package>
    <depends language="fr" version="5.2"/>
  </voice>
  <voice locale="fr" name="upmc-pierre" gender="male" type="unit selection" version="5.2">
    <description>A male French unit selection voice, built at ISIR (UPMC) using data recorded by Pierre Chauvin</description>
    <license href="http://mary.dfki.de/download/by-sa-3.0.html"/>
    <package md5sum="0d0751d70498f6ff39431aa485abb913" filename="voice-upmc-pierre-5.2.zip" size="206409457">
      <location folder="true" href="http://mary.dfki.de/download/5.2/"/>
      <location folder="false" href="https://github.com/marytts/voice-upmc-pierre/releases/download/v5.2/voice-upmc-pierre-5.2.zip"/>
    </package>
    <depends language="fr" version="5.2"/>
  </voice>
  <voice locale="fr" name="upmc-pierre-hsmm" gender="male" type="hsmm" version="5.2">
    <description>A male French hidden semi-Markov model voice, built at ISIR (UPMC) using data recorded by Pierre Chauvin</description>
    <license href="http://mary.dfki.de/download/by-sa-3.0.html"/>
    <package md5sum="26e5db5b6f2521122b88ed6539337f1f" filename="voice-upmc-pierre-hsmm-5.2.zip" size="1556673">
      <location folder="true" href="http://mary.dfki.de/download/5.2/"/>
      <location folder="false" href="https://github.com/marytts/voice-upmc-pierre-hsmm/releases/download/v5.2/voice-upmc-pierre-hsmm-5.2.zip"/>
    </package>
    <depends language="fr" version="5.2"/>
  </voice>
  <voice locale="it" name="istc-lucia-hsmm" gender="female" type="hsmm" version="5.2">
    <description>Italian female Hidden semi-Markov model voice kindly made available by Fabio Tesser</description>
    <license href="http://mary.dfki.de/download/by-nd-3.0.html"/>
    <package md5sum="3d5df83d79ab7bad44742d95b34423d8" filename="voice-istc-lucia-hsmm-5.2.zip" size="1466178">
      <location folder="true" href="http://mary.dfki.de/download/5.2/"/>
      <location folder="false" href="https://github.com/marytts/voice-istc-lucia-hsmm/releases/download/v5.2/voice-istc-lucia-hsmm-5.2.zip"/>
    </package>
    <depends language="it" version="5.2"/>
  </voice>
  <voice locale="lb" name="marylux" gender="female" type="unit selection" version="5.2">
    <description>A female Luxembourgish unit selection voice</description>
    <license href="https://creativecommons.org/licenses/by-nc-sa/4.0/"/>
    <package md5sum="cbf2d7438d88aff508237444de21c62f" filename="voice-marylux-lb-5.2.zip" size="118421559">
      <location folder="true" href="http://mary.dfki.de/download/5.2/"/>
      <location folder="false" href="https://github.com/marytts/voice-marylux-lb/releases/download/v5.2/voice-marylux-lb-5.2.zip"/>
    </package>
    <depends language="lb" version="5.2"/>
  </voice>
  <voice locale="te" name="cmu-nk-hsmm" gender="female" type="hsmm" version="5.2">
    <description>A female Telugu hidden semi-Markov model voice built from voice recordings provided by IIIT Hyderabad and Carnegie Mellon University</description>
    <license href="http://mary.dfki.de/download/by-nd-3.0.html"/>
    <package md5sum="251229d52a0b519150cc8fb64a9b23bd" filename="voice-cmu-nk-hsmm-5.2.zip" size="3396770">
      <location folder="true" href="http://mary.dfki.de/download/5.2/"/>
      <location folder="false" href="https://github.com/marytts/voice-cmu-nk-hsmm/releases/download/v5.2/voice-cmu-nk-hsmm-5.2.zip"/>
    </package>
    <depends language="te" version="5.2"/>
  </voice>
  <voice locale="tr" name="dfki-ot" gender="male" type="unit selection" version="5.2">
    <description>A male Turkish unit selection voice</description>
    <license href="http://mary.dfki.de/download/by-nd-3.0.html"/>
    <package md5sum="8c222bdd09b0bce198ccf6143e3cebd9" filename="voice-dfki-ot-5.2.zip" size="161098455">
      <location folder="true" href="http://mary.dfki.de/download/5.2/"/>
      <location folder="false" href="https://github.com/marytts/voice-dfki-ot/releases/download/v5.2/voice-dfki-ot-5.2.zip"/>
    </package>
    <depends language="tr" version="5.2"/>
  </voice>
  <voice locale="tr" name="dfki-ot-hsmm" gender="male" type="hsmm" version="5.2">
    <description>A male Turkish hidden semi-Markov model voice</description>
    <license href="http://mary.dfki.de/download/by-nd-3.0.html"/>
    <package md5sum="843f45d7e315b28eb35a4b2594ef4da6" filename="voice-dfki-ot-hsmm-5.2.zip" size="1365754">
      <location folder="true" href="http://mary.dfki.de/download/5.2/"/>
      <location folder="false" href="https://github.com/marytts/voice-dfki-ot-hsmm/releases/download/v5.2/voice-dfki-ot-hsmm-5.2.zip"/>
    </package>
    <depends language="tr" version="5.2"/>
  </voice>
</marytts-install>
